w_nc,if_true_or_equiv_norm_found,trial,true_norm_posterior
0.0,1.0,3,-530.8774604431378
0.05,1.0,3,-534.1823004673092
0.1,1.0,3,-532.9361892096787
0.15,1.0,3,-533.3999349518961
0.2,1.0,3,-538.2381265962573
0.25,0.3333333333333333,3,-548.3245732769232
0.3,0.6666666666666666,3,-553.5582847330548
0.35,1.0,3,-552.3937498381632
0.4,1.0,3,-548.6924960026859
0.45,1.0,3,-552.6383571662969
0.5,0.6666666666666666,3,-557.3943461735643
0.55,1.0,3,-556.6101649069852
